iter	Logloss
0	0.3957636923
1	0.2431648388
2	0.179563182
